{"cameraMode":{"drawMode":0,"name":"Shaded","section":"Shading Mode"},"sceneLighting":false,"audioPlay":false,"sceneViewState":{"m_AlwaysRefresh":false,"showFog":true,"showSkybox":true,"showFlares":true,"showImageEffects":true,"showParticleSystems":true,"showVisualEffectGraphs":true,"m_FxEnabled":false},"in2DMode":false,"pivot":{"x":9.655607223510743,"y":0.6122474670410156,"z":5.823261260986328},"rotation":{"x":-0.3914394974708557,"y":-0.021532421931624414,"z":0.009163105860352517,"w":-0.9199106097221375},"size":13.459261894226075,"orthographic":false}